tag,project,treatment,crop,rain,block,time,version
JJRO191CamB1T1,JJRO19,1,C,am,B1,T1,1
JJRO191CamB1T2,JJRO19,1,C,am,B1,T2,1
JJRO191CamB1T3,JJRO19,1,C,am,B1,T3,1
JJRO191CamB2T1,JJRO19,1,C,am,B2,T1,1
JJRO191CamB2T2,JJRO19,1,C,am,B2,T2,1
JJRO191CamB2T3,JJRO19,1,C,am,B2,T3,1
JJRO191CamB3T1,JJRO19,1,C,am,B3,T1,1
JJRO191CamB3T2,JJRO19,1,C,am,B3,T2,1
JJRO191CamB3T3,JJRO19,1,C,am,B3,T3,1
JJRO191CamB4T1,JJRO19,1,C,am,B4,T1,1
JJRO191CamB4T2,JJRO19,1,C,am,B4,T2,1
JJRO191CamB4T3,JJRO19,1,C,am,B4,T3,1
JJRO191CshB1T1,JJRO19,1,C,sh,B1,T1,1
JJRO191CshB1T2,JJRO19,1,C,sh,B1,T2,1
JJRO191CshB1T3,JJRO19,1,C,sh,B1,T3,1
JJRO191CshB2T1,JJRO19,1,C,sh,B2,T1,1
JJRO191CshB2T2,JJRO19,1,C,sh,B2,T2,1
JJRO191CshB2T3,JJRO19,1,C,sh,B2,T3,1
JJRO191CshB3T1,JJRO19,1,C,sh,B3,T1,1
JJRO191CshB3T2,JJRO19,1,C,sh,B3,T2,1
JJRO191CshB3T3,JJRO19,1,C,sh,B3,T3,1
JJRO191CshB4T1,JJRO19,1,C,sh,B4,T1,1
JJRO191CshB4T2,JJRO19,1,C,sh,B4,T2,1
JJRO191CshB4T3,JJRO19,1,C,sh,B4,T3,1
JJRO191SamB1T1,JJRO19,1,S,am,B1,T1,1
JJRO191SamB1T2,JJRO19,1,S,am,B1,T2,1
JJRO191SamB1T3,JJRO19,1,S,am,B1,T3,1
JJRO191SamB2T1,JJRO19,1,S,am,B2,T1,1
JJRO191SamB2T2,JJRO19,1,S,am,B2,T2,1
JJRO191SamB2T3,JJRO19,1,S,am,B2,T3,1
JJRO191SamB3T1,JJRO19,1,S,am,B3,T1,1
JJRO191SamB3T2,JJRO19,1,S,am,B3,T2,1
JJRO191SamB3T3,JJRO19,1,S,am,B3,T3,1
JJRO191SamB4T1,JJRO19,1,S,am,B4,T1,1
JJRO191SamB4T2,JJRO19,1,S,am,B4,T2,1
JJRO191SamB4T3,JJRO19,1,S,am,B4,T3,1
JJRO191SshB1T1,JJRO19,1,S,sh,B1,T1,1
JJRO191SshB1T2,JJRO19,1,S,sh,B1,T2,1
JJRO191SshB1T2v2,JJRO19,1,S,sh,B1,T2,2
JJRO191SshB1T3,JJRO19,1,S,sh,B1,T3,1
JJRO191SshB2T1,JJRO19,1,S,sh,B2,T1,1
JJRO191SshB2T2,JJRO19,1,S,sh,B2,T2,1
JJRO191SshB2T3,JJRO19,1,S,sh,B2,T3,1
JJRO191SshB3T1,JJRO19,1,S,sh,B3,T1,1
JJRO191SshB3T2,JJRO19,1,S,sh,B3,T2,1
JJRO191SshB3T3,JJRO19,1,S,sh,B3,T3,1
JJRO191SshB4T1,JJRO19,1,S,sh,B4,T1,1
JJRO191SshB4T2,JJRO19,1,S,sh,B4,T2,1
JJRO191SshB4T3,JJRO19,1,S,sh,B4,T3,1
JJRO192CamB1T1,JJRO19,2,C,am,B1,T1,1
JJRO192CamB1T2,JJRO19,2,C,am,B1,T2,1
JJRO192CamB1T3,JJRO19,2,C,am,B1,T3,1
JJRO192CamB2T1,JJRO19,2,C,am,B2,T1,1
JJRO192CamB2T2,JJRO19,2,C,am,B2,T2,1
JJRO192CamB2T3,JJRO19,2,C,am,B2,T3,1
JJRO192CamB3T1,JJRO19,2,C,am,B3,T1,1
JJRO192CamB3T2,JJRO19,2,C,am,B3,T2,1
JJRO192CamB3T3,JJRO19,2,C,am,B3,T3,1
JJRO192CamB4T1,JJRO19,2,C,am,B4,T1,1
JJRO192CamB4T2,JJRO19,2,C,am,B4,T2,1
JJRO192CamB4T3,JJRO19,2,C,am,B4,T3,1
JJRO192CshB1T1,JJRO19,2,C,sh,B1,T1,1
JJRO192CshB1T2,JJRO19,2,C,sh,B1,T2,1
JJRO192CshB1T3,JJRO19,2,C,sh,B1,T3,1
JJRO192CshB2T1,JJRO19,2,C,sh,B2,T1,1
JJRO192CshB2T2,JJRO19,2,C,sh,B2,T2,1
JJRO192CshB2T3,JJRO19,2,C,sh,B2,T3,1
JJRO192CshB3T1,JJRO19,2,C,sh,B3,T1,1
JJRO192CshB3T2,JJRO19,2,C,sh,B3,T2,1
JJRO192CshB3T3,JJRO19,2,C,sh,B3,T3,1
JJRO192CshB4T1,JJRO19,2,C,sh,B4,T1,1
JJRO192CshB4T2,JJRO19,2,C,sh,B4,T2,1
JJRO192CshB4T3,JJRO19,2,C,sh,B4,T3,1
JJRO192SamB1T1,JJRO19,2,S,am,B1,T1,1
JJRO192SamB1T2,JJRO19,2,S,am,B1,T2,1
JJRO192SamB1T3,JJRO19,2,S,am,B1,T3,1
JJRO192SamB2T1,JJRO19,2,S,am,B2,T1,1
JJRO192SamB2T2,JJRO19,2,S,am,B2,T2,1
JJRO192SamB2T3,JJRO19,2,S,am,B2,T3,1
JJRO192SamB3T1,JJRO19,2,S,am,B3,T1,1
JJRO192SamB3T2,JJRO19,2,S,am,B3,T2,1
JJRO192SamB3T3,JJRO19,2,S,am,B3,T3,1
JJRO192SamB4T1,JJRO19,2,S,am,B4,T1,1
JJRO192SamB4T2,JJRO19,2,S,am,B4,T2,1
JJRO192SamB4T3,JJRO19,2,S,am,B4,T3,1
JJRO192SshB1T1,JJRO19,2,S,sh,B1,T1,1
JJRO192SshB1T2,JJRO19,2,S,sh,B1,T2,1
JJRO192SshB1T3,JJRO19,2,S,sh,B1,T3,1
JJRO192SshB2T1,JJRO19,2,S,sh,B2,T1,1
JJRO192SshB2T2,JJRO19,2,S,sh,B2,T2,1
JJRO192SshB2T3,JJRO19,2,S,sh,B2,T3,1
JJRO192SshB3T1,JJRO19,2,S,sh,B3,T1,1
JJRO192SshB3T2,JJRO19,2,S,sh,B3,T2,1
JJRO192SshB3T3,JJRO19,2,S,sh,B3,T3,1
JJRO192SshB4T1,JJRO19,2,S,sh,B4,T1,1
JJRO192SshB4T2,JJRO19,2,S,sh,B4,T2,1
JJRO192SshB4T3,JJRO19,2,S,sh,B4,T3,1
JJRO193CamB1T1,JJRO19,3,C,am,B1,T1,1
JJRO193CamB1T2,JJRO19,3,C,am,B1,T2,1
JJRO193CamB1T3,JJRO19,3,C,am,B1,T3,1
JJRO193CamB2T1,JJRO19,3,C,am,B2,T1,1
JJRO193CamB2T2,JJRO19,3,C,am,B2,T2,1
JJRO193CamB2T3,JJRO19,3,C,am,B2,T3,1
JJRO193CamB3T1,JJRO19,3,C,am,B3,T1,1
JJRO193CamB3T2,JJRO19,3,C,am,B3,T2,1
JJRO193CamB3T3,JJRO19,3,C,am,B3,T3,1
JJRO193CamB4T1,JJRO19,3,C,am,B4,T1,1
JJRO193CamB4T2,JJRO19,3,C,am,B4,T2,1
JJRO193CamB4T3,JJRO19,3,C,am,B4,T3,1
JJRO193CshB1T1,JJRO19,3,C,sh,B1,T1,1
JJRO193CshB1T2,JJRO19,3,C,sh,B1,T2,1
JJRO193CshB1T3,JJRO19,3,C,sh,B1,T3,1
JJRO193CshB2T1,JJRO19,3,C,sh,B2,T1,1
JJRO193CshB2T2,JJRO19,3,C,sh,B2,T2,1
JJRO193CshB2T3,JJRO19,3,C,sh,B2,T3,1
JJRO193CshB3T1,JJRO19,3,C,sh,B3,T1,1
JJRO193CshB3T2,JJRO19,3,C,sh,B3,T2,1
JJRO193CshB3T3,JJRO19,3,C,sh,B3,T3,1
JJRO193CshB4T1,JJRO19,3,C,sh,B4,T1,1
JJRO193CshB4T2,JJRO19,3,C,sh,B4,T2,1
JJRO193CshB4T3,JJRO19,3,C,sh,B4,T3,1
JJRO193SamB1T1,JJRO19,3,S,am,B1,T1,1
JJRO193SamB1T2,JJRO19,3,S,am,B1,T2,1
JJRO193SamB1T3,JJRO19,3,S,am,B1,T3,1
JJRO193SamB2T1,JJRO19,3,S,am,B2,T1,1
JJRO193SamB2T2,JJRO19,3,S,am,B2,T2,1
JJRO193SamB2T3,JJRO19,3,S,am,B2,T3,1
JJRO193SamB3T1,JJRO19,3,S,am,B3,T1,1
JJRO193SamB3T2,JJRO19,3,S,am,B3,T2,1
JJRO193SamB3T3,JJRO19,3,S,am,B3,T3,1
JJRO193SamB4T1,JJRO19,3,S,am,B4,T1,1
JJRO193SamB4T2,JJRO19,3,S,am,B4,T2,1
JJRO193SamB4T3,JJRO19,3,S,am,B4,T3,1
JJRO193SshB1T1,JJRO19,3,S,sh,B1,T1,1
JJRO193SshB1T2,JJRO19,3,S,sh,B1,T2,1
JJRO193SshB1T3,JJRO19,3,S,sh,B1,T3,1
JJRO193SshB2T1,JJRO19,3,S,sh,B2,T1,1
JJRO193SshB2T2,JJRO19,3,S,sh,B2,T2,1
JJRO193SshB2T3,JJRO19,3,S,sh,B2,T3,1
JJRO193SshB3T1,JJRO19,3,S,sh,B3,T1,1
JJRO193SshB3T2,JJRO19,3,S,sh,B3,T2,1
JJRO193SshB3T3,JJRO19,3,S,sh,B3,T3,1
JJRO193SshB4T1,JJRO19,3,S,sh,B4,T1,1
JJRO193SshB4T2,JJRO19,3,S,sh,B4,T2,1
JJRO193SshB4T3,JJRO19,3,S,sh,B4,T3,1
JJRO194CamB1T1,JJRO19,4,C,am,B1,T1,1
JJRO194CamB1T2,JJRO19,4,C,am,B1,T2,1
JJRO194CamB1T3,JJRO19,4,C,am,B1,T3,1
JJRO194CamB2T1,JJRO19,4,C,am,B2,T1,1
JJRO194CamB2T2,JJRO19,4,C,am,B2,T2,1
JJRO194CamB2T3,JJRO19,4,C,am,B2,T3,1
JJRO194CamB3T1,JJRO19,4,C,am,B3,T1,1
JJRO194CamB3T2,JJRO19,4,C,am,B3,T2,1
JJRO194CamB3T3,JJRO19,4,C,am,B3,T3,1
JJRO194CamB4T1,JJRO19,4,C,am,B4,T1,1
JJRO194CamB4T2,JJRO19,4,C,am,B4,T2,1
JJRO194CamB4T3,JJRO19,4,C,am,B4,T3,1
JJRO194CshB1T1,JJRO19,4,C,sh,B1,T1,1
JJRO194CshB1T2,JJRO19,4,C,sh,B1,T2,1
JJRO194CshB1T3,JJRO19,4,C,sh,B1,T3,1
JJRO194CshB2T1,JJRO19,4,C,sh,B2,T1,1
JJRO194CshB2T2,JJRO19,4,C,sh,B2,T2,1
JJRO194CshB2T3,JJRO19,4,C,sh,B2,T3,1
JJRO194CshB3T1,JJRO19,4,C,sh,B3,T1,1
JJRO194CshB3T2,JJRO19,4,C,sh,B3,T2,1
JJRO194CshB3T3,JJRO19,4,C,sh,B3,T3,1
JJRO194CshB4T1,JJRO19,4,C,sh,B4,T1,1
JJRO194CshB4T2,JJRO19,4,C,sh,B4,T2,1
JJRO194CshB4T3,JJRO19,4,C,sh,B4,T3,1
JJRO194SamB1T1,JJRO19,4,S,am,B1,T1,1
JJRO194SamB1T2,JJRO19,4,S,am,B1,T2,1
JJRO194SamB1T3,JJRO19,4,S,am,B1,T3,1
JJRO194SamB2T1,JJRO19,4,S,am,B2,T1,1
JJRO194SamB2T2,JJRO19,4,S,am,B2,T2,1
JJRO194SamB2T3,JJRO19,4,S,am,B2,T3,1
JJRO194SamB3T1,JJRO19,4,S,am,B3,T1,1
JJRO194SamB3T2,JJRO19,4,S,am,B3,T2,1
JJRO194SamB3T3,JJRO19,4,S,am,B3,T3,1
JJRO194SamB4T1,JJRO19,4,S,am,B4,T1,1
JJRO194SamB4T2,JJRO19,4,S,am,B4,T2,1
JJRO194SamB4T3,JJRO19,4,S,am,B4,T3,1
JJRO194SamB4T3v2,JJRO19,4,S,am,B4,T3,2
JJRO194SshB1T1,JJRO19,4,S,sh,B1,T1,1
JJRO194SshB1T2,JJRO19,4,S,sh,B1,T2,1
JJRO194SshB1T3,JJRO19,4,S,sh,B1,T3,1
JJRO194SshB2T1,JJRO19,4,S,sh,B2,T1,1
JJRO194SshB2T2,JJRO19,4,S,sh,B2,T2,1
JJRO194SshB2T3,JJRO19,4,S,sh,B2,T3,1
JJRO194SshB3T1,JJRO19,4,S,sh,B3,T1,1
JJRO194SshB3T2,JJRO19,4,S,sh,B3,T2,1
JJRO194SshB3T3,JJRO19,4,S,sh,B3,T3,1
JJRO194SshB4T1,JJRO19,4,S,sh,B4,T1,1
JJRO194SshB4T2,JJRO19,4,S,sh,B4,T2,1
JJRO194SshB4T3,JJRO19,4,S,sh,B4,T3,1
JJRO195CamB1T1,JJRO19,5,C,am,B1,T1,1
JJRO195CamB1T2,JJRO19,5,C,am,B1,T2,1
JJRO195CamB1T3,JJRO19,5,C,am,B1,T3,1
JJRO195CamB2T1,JJRO19,5,C,am,B2,T1,1
JJRO195CamB2T2,JJRO19,5,C,am,B2,T2,1
JJRO195CamB2T3,JJRO19,5,C,am,B2,T3,1
JJRO195CamB3T1,JJRO19,5,C,am,B3,T1,1
JJRO195CamB3T2,JJRO19,5,C,am,B3,T2,1
JJRO195CamB3T3,JJRO19,5,C,am,B3,T3,1
JJRO195CamB4T1,JJRO19,5,C,am,B4,T1,1
JJRO195CamB4T2,JJRO19,5,C,am,B4,T2,1
JJRO195CamB4T3,JJRO19,5,C,am,B4,T3,1
JJRO195CshB1T1,JJRO19,5,C,sh,B1,T1,1
JJRO195CshB1T2,JJRO19,5,C,sh,B1,T2,1
JJRO195CshB1T3,JJRO19,5,C,sh,B1,T3,1
JJRO195CshB2T1,JJRO19,5,C,sh,B2,T1,1
JJRO195CshB2T2,JJRO19,5,C,sh,B2,T2,1
JJRO195CshB2T3,JJRO19,5,C,sh,B2,T3,1
JJRO195CshB3T1,JJRO19,5,C,sh,B3,T1,1
JJRO195CshB3T2,JJRO19,5,C,sh,B3,T2,1
JJRO195CshB3T3,JJRO19,5,C,sh,B3,T3,1
JJRO195CshB4T1,JJRO19,5,C,sh,B4,T1,1
JJRO195CshB4T2,JJRO19,5,C,sh,B4,T2,1
JJRO195CshB4T3,JJRO19,5,C,sh,B4,T3,1
JJRO195SamB1T1,JJRO19,5,S,am,B1,T1,1
JJRO195SamB1T2,JJRO19,5,S,am,B1,T2,1
JJRO195SamB1T3,JJRO19,5,S,am,B1,T3,1
JJRO195SamB2T1,JJRO19,5,S,am,B2,T1,1
JJRO195SamB2T2,JJRO19,5,S,am,B2,T2,1
JJRO195SamB2T3,JJRO19,5,S,am,B2,T3,1
JJRO195SamB3T1,JJRO19,5,S,am,B3,T1,1
JJRO195SamB3T2,JJRO19,5,S,am,B3,T2,1
JJRO195SamB3T3,JJRO19,5,S,am,B3,T3,1
JJRO195SamB4T1,JJRO19,5,S,am,B4,T1,1
JJRO195SamB4T2,JJRO19,5,S,am,B4,T2,1
JJRO195SamB4T3,JJRO19,5,S,am,B4,T3,1
JJRO195SshB1T1,JJRO19,5,S,sh,B1,T1,1
JJRO195SshB1T2,JJRO19,5,S,sh,B1,T2,1
JJRO195SshB1T3,JJRO19,5,S,sh,B1,T3,1
JJRO195SshB2T1,JJRO19,5,S,sh,B2,T1,1
JJRO195SshB2T2,JJRO19,5,S,sh,B2,T2,1
JJRO195SshB2T3,JJRO19,5,S,sh,B2,T3,1
JJRO195SshB3T1,JJRO19,5,S,sh,B3,T1,1
JJRO195SshB3T2,JJRO19,5,S,sh,B3,T2,1
JJRO195SshB3T3,JJRO19,5,S,sh,B3,T3,1
JJRO195SshB4T1,JJRO19,5,S,sh,B4,T1,1
JJRO195SshB4T2,JJRO19,5,S,sh,B4,T2,1
JJRO195SshB4T3,JJRO19,5,S,sh,B4,T3,1
JJRO196CamB1T1,JJRO19,6,C,am,B1,T1,1
JJRO196CamB1T2,JJRO19,6,C,am,B1,T2,1
JJRO196CamB1T3,JJRO19,6,C,am,B1,T3,1
JJRO196CamB2T1,JJRO19,6,C,am,B2,T1,1
JJRO196CamB2T2,JJRO19,6,C,am,B2,T2,1
JJRO196CamB2T3,JJRO19,6,C,am,B2,T3,1
JJRO196CamB3T1,JJRO19,6,C,am,B3,T1,1
JJRO196CamB3T2,JJRO19,6,C,am,B3,T2,1
JJRO196CamB3T3,JJRO19,6,C,am,B3,T3,1
JJRO196CamB4T1,JJRO19,6,C,am,B4,T1,1
JJRO196CamB4T2,JJRO19,6,C,am,B4,T2,1
JJRO196CamB4T3,JJRO19,6,C,am,B4,T3,1
JJRO196CshB1T1,JJRO19,6,C,sh,B1,T1,1
JJRO196CshB1T2,JJRO19,6,C,sh,B1,T2,1
JJRO196CshB1T3,JJRO19,6,C,sh,B1,T3,1
JJRO196CshB2T1,JJRO19,6,C,sh,B2,T1,1
JJRO196CshB2T2,JJRO19,6,C,sh,B2,T2,1
JJRO196CshB2T3,JJRO19,6,C,sh,B2,T3,1
JJRO196CshB3T1,JJRO19,6,C,sh,B3,T1,1
JJRO196CshB3T2,JJRO19,6,C,sh,B3,T2,1
JJRO196CshB3T3,JJRO19,6,C,sh,B3,T3,1
JJRO196CshB4T1,JJRO19,6,C,sh,B4,T1,1
JJRO196CshB4T2,JJRO19,6,C,sh,B4,T2,1
JJRO196CshB4T3,JJRO19,6,C,sh,B4,T3,1
JJRO196SamB1T1,JJRO19,6,S,am,B1,T1,1
JJRO196SamB1T2,JJRO19,6,S,am,B1,T2,1
JJRO196SamB1T3,JJRO19,6,S,am,B1,T3,1
JJRO196SamB2T1,JJRO19,6,S,am,B2,T1,1
JJRO196SamB2T2,JJRO19,6,S,am,B2,T2,1
JJRO196SamB2T3,JJRO19,6,S,am,B2,T3,1
JJRO196SamB3T1,JJRO19,6,S,am,B3,T1,1
JJRO196SamB3T1v2,JJRO19,6,S,am,B3,T1,2
JJRO196SamB3T2,JJRO19,6,S,am,B3,T2,1
JJRO196SamB3T3,JJRO19,6,S,am,B3,T3,1
JJRO196SamB4T1,JJRO19,6,S,am,B4,T1,1
JJRO196SamB4T2,JJRO19,6,S,am,B4,T2,1
JJRO196SamB4T3,JJRO19,6,S,am,B4,T3,1
JJRO196SshB1T1,JJRO19,6,S,sh,B1,T1,1
JJRO196SshB1T2,JJRO19,6,S,sh,B1,T2,1
JJRO196SshB1T3,JJRO19,6,S,sh,B1,T3,1
JJRO196SshB2T1,JJRO19,6,S,sh,B2,T1,1
JJRO196SshB2T2,JJRO19,6,S,sh,B2,T2,1
JJRO196SshB2T3,JJRO19,6,S,sh,B2,T3,1
JJRO196SshB3T1,JJRO19,6,S,sh,B3,T1,1
JJRO196SshB3T2,JJRO19,6,S,sh,B3,T2,1
JJRO196SshB3T3,JJRO19,6,S,sh,B3,T3,1
JJRO196SshB4T1,JJRO19,6,S,sh,B4,T1,1
JJRO196SshB4T2,JJRO19,6,S,sh,B4,T2,1
JJRO196SshB4T3,JJRO19,6,S,sh,B4,T3,1
JJRO197CamB1T1,JJRO19,7,C,am,B1,T1,1
JJRO197CamB1T2,JJRO19,7,C,am,B1,T2,1
JJRO197CamB1T3,JJRO19,7,C,am,B1,T3,1
JJRO197CamB2T1,JJRO19,7,C,am,B2,T1,1
JJRO197CamB2T2,JJRO19,7,C,am,B2,T2,1
JJRO197CamB2T3,JJRO19,7,C,am,B2,T3,1
JJRO197CamB3T1,JJRO19,7,C,am,B3,T1,1
JJRO197CamB3T2,JJRO19,7,C,am,B3,T2,1
JJRO197CamB3T3,JJRO19,7,C,am,B3,T3,1
JJRO197CamB4T1,JJRO19,7,C,am,B4,T1,1
JJRO197CamB4T2,JJRO19,7,C,am,B4,T2,1
JJRO197CamB4T3,JJRO19,7,C,am,B4,T3,1
JJRO197CshB1T1,JJRO19,7,C,sh,B1,T1,1
JJRO197CshB1T2,JJRO19,7,C,sh,B1,T2,1
JJRO197CshB1T3,JJRO19,7,C,sh,B1,T3,1
JJRO197CshB2T1,JJRO19,7,C,sh,B2,T1,1
JJRO197CshB2T2,JJRO19,7,C,sh,B2,T2,1
JJRO197CshB2T3,JJRO19,7,C,sh,B2,T3,1
JJRO197CshB3T1,JJRO19,7,C,sh,B3,T1,1
JJRO197CshB3T2,JJRO19,7,C,sh,B3,T2,1
JJRO197CshB3T3,JJRO19,7,C,sh,B3,T3,1
JJRO197CshB4T1,JJRO19,7,C,sh,B4,T1,1
JJRO197CshB4T2,JJRO19,7,C,sh,B4,T2,1
JJRO197CshB4T3,JJRO19,7,C,sh,B4,T3,1
JJRO197SamB1T1,JJRO19,7,S,am,B1,T1,1
JJRO197SamB1T2,JJRO19,7,S,am,B1,T2,1
JJRO197SamB1T3,JJRO19,7,S,am,B1,T3,1
JJRO197SamB2T1,JJRO19,7,S,am,B2,T1,1
JJRO197SamB2T2,JJRO19,7,S,am,B2,T2,1
JJRO197SamB2T3,JJRO19,7,S,am,B2,T3,1
JJRO197SamB3T1,JJRO19,7,S,am,B3,T1,1
JJRO197SamB3T2,JJRO19,7,S,am,B3,T2,1
JJRO197SamB3T3,JJRO19,7,S,am,B3,T3,1
JJRO197SamB4T1,JJRO19,7,S,am,B4,T1,1
JJRO197SamB4T2,JJRO19,7,S,am,B4,T2,1
JJRO197SamB4T3,JJRO19,7,S,am,B4,T3,1
JJRO197SshB1T1,JJRO19,7,S,sh,B1,T1,1
JJRO197SshB1T2,JJRO19,7,S,sh,B1,T2,1
JJRO197SshB1T3,JJRO19,7,S,sh,B1,T3,1
JJRO197SshB2T1,JJRO19,7,S,sh,B2,T1,1
JJRO197SshB2T2,JJRO19,7,S,sh,B2,T2,1
JJRO197SshB2T3,JJRO19,7,S,sh,B2,T3,1
JJRO197SshB3T1,JJRO19,7,S,sh,B3,T1,1
JJRO197SshB3T2,JJRO19,7,S,sh,B3,T2,1
JJRO197SshB3T3,JJRO19,7,S,sh,B3,T3,1
JJRO197SshB4T1,JJRO19,7,S,sh,B4,T1,1
JJRO197SshB4T2,JJRO19,7,S,sh,B4,T2,1
JJRO197SshB4T3,JJRO19,7,S,sh,B4,T3,1
JJRO198CamB1T1,JJRO19,8,C,am,B1,T1,1
JJRO198CamB1T2,JJRO19,8,C,am,B1,T2,1
JJRO198CamB1T3,JJRO19,8,C,am,B1,T3,1
JJRO198CamB2T1,JJRO19,8,C,am,B2,T1,1
JJRO198CamB2T2,JJRO19,8,C,am,B2,T2,1
JJRO198CamB2T3,JJRO19,8,C,am,B2,T3,1
JJRO198CamB3T1,JJRO19,8,C,am,B3,T1,1
JJRO198CamB3T2,JJRO19,8,C,am,B3,T2,1
JJRO198CamB3T3,JJRO19,8,C,am,B3,T3,1
JJRO198CamB4T1,JJRO19,8,C,am,B4,T1,1
JJRO198CamB4T2,JJRO19,8,C,am,B4,T2,1
JJRO198CamB4T3,JJRO19,8,C,am,B4,T3,1
JJRO198CshB1T1,JJRO19,8,C,sh,B1,T1,1
JJRO198CshB1T2,JJRO19,8,C,sh,B1,T2,1
JJRO198CshB1T3,JJRO19,8,C,sh,B1,T3,1
JJRO198CshB2T1,JJRO19,8,C,sh,B2,T1,1
JJRO198CshB2T2,JJRO19,8,C,sh,B2,T2,1
JJRO198CshB2T3,JJRO19,8,C,sh,B2,T3,1
JJRO198CshB3T1,JJRO19,8,C,sh,B3,T1,1
JJRO198CshB3T2,JJRO19,8,C,sh,B3,T2,1
JJRO198CshB3T3,JJRO19,8,C,sh,B3,T3,1
JJRO198CshB4T1,JJRO19,8,C,sh,B4,T1,1
JJRO198CshB4T2,JJRO19,8,C,sh,B4,T2,1
JJRO198CshB4T3,JJRO19,8,C,sh,B4,T3,1
JJRO198SamB1T1,JJRO19,8,S,am,B1,T1,1
JJRO198SamB1T2,JJRO19,8,S,am,B1,T2,1
JJRO198SamB1T3,JJRO19,8,S,am,B1,T3,1
JJRO198SamB2T1,JJRO19,8,S,am,B2,T1,1
JJRO198SamB2T2,JJRO19,8,S,am,B2,T2,1
JJRO198SamB2T3,JJRO19,8,S,am,B2,T3,1
JJRO198SamB3T1,JJRO19,8,S,am,B3,T1,1
JJRO198SamB3T2,JJRO19,8,S,am,B3,T2,1
JJRO198SamB3T3,JJRO19,8,S,am,B3,T3,1
JJRO198SamB4T1,JJRO19,8,S,am,B4,T1,1
JJRO198SamB4T2,JJRO19,8,S,am,B4,T2,1
JJRO198SamB4T3,JJRO19,8,S,am,B4,T3,1
JJRO198SshB1T1,JJRO19,8,S,sh,B1,T1,1
JJRO198SshB1T2,JJRO19,8,S,sh,B1,T2,1
JJRO198SshB1T3,JJRO19,8,S,sh,B1,T3,1
JJRO198SshB2T1,JJRO19,8,S,sh,B2,T1,1
JJRO198SshB2T2,JJRO19,8,S,sh,B2,T2,1
JJRO198SshB2T3,JJRO19,8,S,sh,B2,T3,1
JJRO198sshB3T1,JJRO19,8,S,sh,B3,T1,1
JJRO198SshB3T2,JJRO19,8,S,sh,B3,T2,1
JJRO198SshB3T3,JJRO19,8,S,sh,B3,T3,1
JJRO198SshB4T1,JJRO19,8,S,sh,B4,T1,1
JJRO198SshB4T2,JJRO19,8,S,sh,B4,T2,1
JJRO198SshB4T3,JJRO19,8,S,sh,B4,T3,1
JJRO199CamB1T1,JJRO19,9,C,am,B1,T1,1
JJRO199CamB1T2,JJRO19,9,C,am,B1,T2,1
JJRO199CamB1T3,JJRO19,9,C,am,B1,T3,1
JJRO199CamB2T1,JJRO19,9,C,am,B2,T1,1
JJRO199CamB2T2,JJRO19,9,C,am,B2,T2,1
JJRO199CamB2T3,JJRO19,9,C,am,B2,T3,1
JJRO199CamB3T1,JJRO19,9,C,am,B3,T1,1
JJRO199CamB3T2,JJRO19,9,C,am,B3,T2,1
JJRO199CamB3T3,JJRO19,9,C,am,B3,T3,1
JJRO199CamB4T1,JJRO19,9,C,am,B4,T1,1
JJRO199CamB4T2,JJRO19,9,C,am,B4,T2,1
JJRO199CamB4T3,JJRO19,9,C,am,B4,T3,1
JJRO199CshB1T1,JJRO19,9,C,sh,B1,T1,1
JJRO199CshB1T2,JJRO19,9,C,sh,B1,T2,1
JJRO199CshB1T3,JJRO19,9,C,sh,B1,T3,1
JJRO199CshB2T1,JJRO19,9,C,sh,B2,T1,1
JJRO199CshB2T2,JJRO19,9,C,sh,B2,T2,1
JJRO199CshB2T3,JJRO19,9,C,sh,B2,T3,1
JJRO199CshB3T1,JJRO19,9,C,sh,B3,T1,1
JJRO199CshB3T2,JJRO19,9,C,sh,B3,T2,1
JJRO199CshB3T3,JJRO19,9,C,sh,B3,T3,1
JJRO199CshB4T1,JJRO19,9,C,sh,B4,T1,1
JJRO199CshB4T2,JJRO19,9,C,sh,B4,T2,1
JJRO199CshB4T3,JJRO19,9,C,sh,B4,T3,1
JJRO199SamB1T1,JJRO19,9,S,am,B1,T1,1
JJRO199SamB1T2,JJRO19,9,S,am,B1,T2,1
JJRO199SamB1T3,JJRO19,9,S,am,B1,T3,1
JJRO199SamB2T1,JJRO19,9,S,am,B2,T1,1
JJRO199SamB2T2,JJRO19,9,S,am,B2,T2,1
JJRO199SamB2T3,JJRO19,9,S,am,B2,T3,1
JJRO199SamB3T1,JJRO19,9,S,am,B3,T1,1
JJRO199SamB3T2,JJRO19,9,S,am,B3,T2,1
JJRO199SamB3T3,JJRO19,9,S,am,B3,T3,1
JJRO199SamB4T1,JJRO19,9,S,am,B4,T1,1
JJRO199SamB4T2,JJRO19,9,S,am,B4,T2,1
JJRO199SamB4T3,JJRO19,9,S,am,B4,T3,1
JJRO199SshB1T1,JJRO19,9,S,sh,B1,T1,1
JJRO199SshB1T2,JJRO19,9,S,sh,B1,T2,1
JJRO199SshB1T3,JJRO19,9,S,sh,B1,T3,1
JJRO199SshB2T1,JJRO19,9,S,sh,B2,T1,1
JJRO199SshB2T2,JJRO19,9,S,sh,B2,T2,1
JJRO199SshB2T3,JJRO19,9,S,sh,B2,T3,1
JJRO199SshB3T1,JJRO19,9,S,sh,B3,T1,1
JJRO199SshB3T2,JJRO19,9,S,sh,B3,T2,1
JJRO199SshB3T3,JJRO19,9,S,sh,B3,T3,1
JJRO199SshB4T1,JJRO19,9,S,sh,B4,T1,1
JJRO199SshB4T2,JJRO19,9,S,sh,B4,T2,1
JJRO199SshB4T3,JJRO19,9,S,sh,B4,T3,1
JJRO19bacteria1,JJRO19,bacteria,0,0,0,0,1
JJRO19bacteria2,JJRO19,bacteria,0,0,0,0,2
JJRO19bacteria3,JJRO19,bacteria,0,0,0,0,3
JJRO19Control1,JJRO19,Control,0,0,0,0,1
JJRO19Control10,JJRO19,Control,0,0,0,0,10
JJRO19Control11,JJRO19,Control,0,0,0,0,11
JJRO19Control12,JJRO19,Control,0,0,0,0,12
JJRO19Control13,JJRO19,Control,0,0,0,0,13
JJRO19Control14,JJRO19,Control,0,0,0,0,14
JJRO19Control15,JJRO19,Control,0,0,0,0,15
JJRO19Control16,JJRO19,Control,0,0,0,0,16
JJRO19Control17,JJRO19,Control,0,0,0,0,17
JJRO19Control18,JJRO19,Control,0,0,0,0,18
JJRO19Control19,JJRO19,Control,0,0,0,0,19
JJRO19Control2,JJRO19,Control,0,0,0,0,2
JJRO19Control20,JJRO19,Control,0,0,0,0,20
JJRO19Control21,JJRO19,Control,0,0,0,0,21
JJRO19Control22,JJRO19,Control,0,0,0,0,22
JJRO19Control23,JJRO19,Control,0,0,0,0,23
JJRO19Control24,JJRO19,Control,0,0,0,0,24
JJRO19Control25,JJRO19,Control,0,0,0,0,25
JJRO19Control26,JJRO19,Control,0,0,0,0,26
JJRO19Control27,JJRO19,Control,0,0,0,0,27
JJRO19Control28,JJRO19,Control,0,0,0,0,28
JJRO19Control29,JJRO19,Control,0,0,0,0,29
JJRO19Control3,JJRO19,Control,0,0,0,0,3
JJRO19Control30,JJRO19,Control,0,0,0,0,30
JJRO19Control31,JJRO19,Control,0,0,0,0,31
JJRO19Control32,JJRO19,Control,0,0,0,0,32
JJRO19Control33,JJRO19,Control,0,0,0,0,33
JJRO19Control34,JJRO19,Control,0,0,0,0,34
JJRO19Control35,JJRO19,Control,0,0,0,0,35
JJRO19Control36,JJRO19,Control,0,0,0,0,36
JJRO19Control37,JJRO19,Control,0,0,0,0,37
JJRO19Control38,JJRO19,Control,0,0,0,0,38
JJRO19Control39,JJRO19,Control,0,0,0,0,39
JJRO19Control4,JJRO19,Control,0,0,0,0,4
JJRO19Control40,JJRO19,Control,0,0,0,0,40
JJRO19Control41,JJRO19,Control,0,0,0,0,41
JJRO19Control42,JJRO19,Control,0,0,0,0,42
JJRO19Control43,JJRO19,Control,0,0,0,0,43
JJRO19Control5,JJRO19,Control,0,0,0,0,5
JJRO19Control6,JJRO19,Control,0,0,0,0,6
JJRO19Control7,JJRO19,Control,0,0,0,0,7
JJRO19Control8,JJRO19,Control,0,0,0,0,8
JJRO19Control9,JJRO19,Control,0,0,0,0,9
JJRO19Robert,JJRO19,Robert,0,0,0,0,1
JJRO19Root1,JJRO19,root,0,0,0,0,1
JJRO19root2,JJRO19,root,0,0,0,0,2
JJRO19root3,JJRO19,root,0,0,0,0,3
JJRO19soil1,JJRO19,soil,0,0,0,0,1
JJRO19soil2,JJRO19,soil,0,0,0,0,2
JJRO19soil3,JJRO19,soil,0,0,0,0,3
JJRO19soilpresieve1,JJRO19,soilpresieve,0,0,0,0,1
JJRO19soilpresieve2,JJRO19,soilpresieve,0,0,0,0,2
JJRO19soilpresieve3,JJRO19,soilpresieve,0,0,0,0,3
JJRO19Standard1,JJRO19,Standard,0,0,0,0,1
JJRO19Standard10,JJRO19,Standard,0,0,0,0,10
JJRO19Standard11,JJRO19,Standard,0,0,0,0,11
JJRO19Standard12,JJRO19,Standard,0,0,0,0,12
JJRO19Standard13,JJRO19,Standard,0,0,0,0,13
JJRO19Standard2,JJRO19,Standard,0,0,0,0,2
JJRO19Standard3,JJRO19,Standard,0,0,0,0,3
JJRO19Standard4,JJRO19,Standard,0,0,0,0,4
JJRO19Standard5,JJRO19,Standard,0,0,0,0,5
JJRO19Standard6,JJRO19,Standard,0,0,0,0,6
JJRO19Standard7,JJRO19,Standard,0,0,0,0,7
JJRO19Standard8,JJRO19,Standard,0,0,0,0,8
JJRO19Standard9,JJRO19,Standard,0,0,0,0,9
HKPMT1,HK,0,0,0,0,0,0
HKPMT10,HK,0,0,0,0,0,0
HKPMT11,HK,0,0,0,0,0,0
HKPMT12,HK,0,0,0,0,0,0
HKPMT13,HK,0,0,0,0,0,0
HKPMT14,HK,0,0,0,0,0,0
HKPMT15,HK,0,0,0,0,0,0
HKPMT16,HK,0,0,0,0,0,0
HKPMT17,HK,0,0,0,0,0,0
HKPMT18,HK,0,0,0,0,0,0
HKPMT2,HK,0,0,0,0,0,0
HKPMT3,HK,0,0,0,0,0,0
HKPMT4,HK,0,0,0,0,0,0
HKPMT5,HK,0,0,0,0,0,0
HKPMT6,HK,0,0,0,0,0,0
HKPMT7,HK,0,0,0,0,0,0
HKPMT8,HK,0,0,0,0,0,0
HKPMT9,HK,0,0,0,0,0,0
MM1399V1KF,MM,0,0,0,0,0,0
MM1399V1PS,MM,0,0,0,0,0,0
MM1399V2KF,MM,0,0,0,0,0,0
MM1399V2PS,MM,0,0,0,0,0,0
MM1412V1KF,MM,0,0,0,0,0,0
MM1412V1PS,MM,0,0,0,0,0,0
MM1412V2KF,MM,0,0,0,0,0,0
MM1412V2PS,MM,0,0,0,0,0,0
MM1861V1KF,MM,0,0,0,0,0,0
MM1861V1PS,MM,0,0,0,0,0,0
MM1861V2KF,MM,0,0,0,0,0,0
MM1861V2PS,MM,0,0,0,0,0,0
MM1939V1KF,MM,0,0,0,0,0,0
MM1939V1PS,MM,0,0,0,0,0,0
MM1939V2KF,MM,0,0,0,0,0,0
MM1939V2PS,MM,0,0,0,0,0,0
TCUneighID1,TC,0,0,0,0,0,0
TCUneighID17,TC,0,0,0,0,0,0
TCUneighID18,TC,0,0,0,0,0,0
TCUneighID25,TC,0,0,0,0,0,0
TCUneighID9,TC,0,0,0,0,0,0
TCUneighIDSoilInc10,TC,0,0,0,0,0,0
TCUneighIDSoilInc11,TC,0,0,0,0,0,0
TCUneighIDSoilInc12,TC,0,0,0,0,0,0
TCUneighIDSoilInc13,TC,0,0,0,0,0,0
TCUneighIDSoilInc14,TC,0,0,0,0,0,0
TCUneighIDSoilInc15,TC,0,0,0,0,0,0
TCUneighIDSoilInc16,TC,0,0,0,0,0,0
TCUneighIDSoilInc17,TC,0,0,0,0,0,0
TCUneighIDSoilInc18,TC,0,0,0,0,0,0
TCUneighIDSoilInc19,TC,0,0,0,0,0,0
TCUneighIDSoilInc20,TC,0,0,0,0,0,0
TCUneighIDSoilInc21,TC,0,0,0,0,0,0
TCUneighIDSoilInc22,TC,0,0,0,0,0,0
TCUneighIDSoilInc23,TC,0,0,0,0,0,0
TCUneighIDSoilInc24,TC,0,0,0,0,0,0
TCUneighIDSoilInc25,TC,0,0,0,0,0,0
TCUneighIDSoilInc26,TC,0,0,0,0,0,0
TCUneighIDSoilInc27,TC,0,0,0,0,0,0
TCUneighIDSoilInc28,TC,0,0,0,0,0,0
TCUneighIDSoilInc29,TC,0,0,0,0,0,0
TCUneighIDSoilInc30,TC,0,0,0,0,0,0
TCUneighIDSoilInc31,TC,0,0,0,0,0,0
TCUneighIDSoilInc32,TC,0,0,0,0,0,0
TCUneighIDSoilInc33,TC,0,0,0,0,0,0
TCUneighIDSoilInc34,TC,0,0,0,0,0,0
TCUneighIDSoilInc35,TC,0,0,0,0,0,0
TCUneighIDSoilInc36,TC,0,0,0,0,0,0
TCUneighIDSoilInc37,TC,0,0,0,0,0,0
TCUneighIDSoilInc38,TC,0,0,0,0,0,0
TCUneighIDSoilInc39,TC,0,0,0,0,0,0
TCUneighIDSoilInc40,TC,0,0,0,0,0,0
TCUneighIDSoilInc41,TC,0,0,0,0,0,0
TCUneighIDSoilInc42,TC,0,0,0,0,0,0
TCUneighIDSoilInc43,TC,0,0,0,0,0,0
TCUneighIDSoilInc44,TC,0,0,0,0,0,0
TCUneighIDSoilInc45,TC,0,0,0,0,0,0
TCUneighIDSoilInc46,TC,0,0,0,0,0,0
TCUneighIDSoilInc6,TC,0,0,0,0,0,0
TCUneighIDSoilInc7,TC,0,0,0,0,0,0
TCUneighIDSoilInc8,TC,0,0,0,0,0,0
TCUneighIDSoilInc9,TC,0,0,0,0,0,0
TCUneighIDSoilIncBlank1,TC,0,0,0,0,0,0
TCUneighIDSoilIncBlank2,TC,0,0,0,0,0,0
TCUneighIDSoilIncBlank3,TC,0,0,0,0,0,0
TCUneighIDSoilIncC1,TC,0,0,0,0,0,0
TCUneighIDSoilIncC2,TC,0,0,0,0,0,0
TCUneighIDSoilIncC3,TC,0,0,0,0,0,0
TCUneighIDSoilIncC4,TC,0,0,0,0,0,0
TCUneighIDSoilIncC5,TC,0,0,0,0,0,0
TCUneighIDSoilIncGHC1,TC,0,0,0,0,0,0
TCUneighIDSoilIncGHC2,TC,0,0,0,0,0,0
TCUneighIDSoilIncGHC3,TC,0,0,0,0,0,0